{
  "type": "object",
  "properties": {
    "posts": {
      "type": "array",
      "items": {
        "type": "object",
        "properties": {
          "author": {
            "type": "string"
          },
          "created_utc": {
            "type": "int"
          },
          "id": {
            "type": "string"
          },
          "num_comments": {
            "type": "int"
          },
          "num_crossposts": {
            "type": "int"
          },
          "selftext": {
            "type": "string"
          },
          "spoiler": {
            "type": "bool"
          },
          "title": {
            "type": "string"
          }
        },
        "required": [
          "author",
          "created_utc",
          "id",
          "num_comments",
          "num_crossposts",
          "selftext",
          "spoiler",
          "title"
        ]
      }
    },
    "subreddit_name": {
      "type": "string"
    },
    "subreddit_id": {
      "type": "string"
    },
    "subreddit_subscribers": {
      "type": "int"
    },
    "subreddit_type": {
      "type": "string"
    }
  },
  "required": [
    "posts",
    "subreddit_name",
    "subreddit_id",
    "subreddit_subscribers",
    "subreddit_type"
  ]
}